geohash,count
wsk58d0,931
ws7grdj,935  
ws7gprw,938 
wsk50zq,939  
ws7gpxj,952  
wsk58d5,954  
ws7grxr,954  
wsk581t,969  
ws7gpr6,987  
wsk525p,995  
wsk589m,996  
wsk58f7,1000  
wsk583c,1006  
ws7grex,1013  
ws7gnv2,1018  
wsk589z,1020  
ws7grgq,1026  
wsk51ng,1026  
wsk5899,1027  
ws7gnvq,1029  
ws7gpxc,1031  
ws7gpqu,1037  
wsk5361,1039  
wsk5861,1041  
wsk5331,1063  
wsk532h,1075  
wsk531t,1081  
ws7gpqm,1100  
wsk589u,1103  
wsk5330,1139  
ws7grb6,1151  
ws7gruq,1166
ws7gpqb,1175  
wsk529z,1201  
wsk525j,1209  
ws7gpqs,1245  
ws7gpqx,1288  
wsk50zr,1302  
ws7gpr3,1312  
ws7gr1n,1333  
wsk5278,1339  
ws7gpj8,1377  
wsk531k,1404  
wsk5318,1413  
wsk52dn,1439  
ws7gr3w,1468  
ws7gnv7,1471  
ws7gr8p,1536  
ws7gpjv,1582  
wsk583z,1626  
wsk586q,1643  
wsk52wt,1643  
ws7grum,1729  
wsk533b,1786  
ws7grfy,1882  
ws7grgn,1934  
wsk526g,2006  
ws7grzt,2275  
wsk52d3,2953  
wsk58d2,4225 